,overall,review_length_chars,review_length_words,summary_length_words,description_length
overall,1.0,-0.08911732964399945,-0.0937175853337698,-0.03662792512523252,-0.07952705523811901
review_length_chars,-0.08911732964399945,1.0,0.9973436870596407,0.22626355324035274,0.058123060743341885
review_length_words,-0.0937175853337698,0.9973436870596407,1.0,0.2300254533450111,0.06093696008547825
summary_length_words,-0.03662792512523252,0.22626355324035274,0.2300254533450111,1.0,0.03510357325721371
description_length,-0.07952705523811901,0.058123060743341885,0.06093696008547825,0.03510357325721371,1.0
