Model,Accuracy,F1-Macro,F1-Weighted,Precision,Recall,Uses Metadata
Logistic Regression (Tuned),0.8381960784313726,0.5904425647048285,0.8202188203601022,0.6386625546824319,0.5642858555584691,False
Logistic Regression,0.8472941176470589,0.5861746893167522,0.8196048299630274,0.6900613532567395,0.5484668321617102,False
SVM,0.8351372549019608,0.517608280755981,0.793145879782882,0.6771140934183874,0.48404905136426307,False
XGBoost,0.8215686274509804,0.45248249436563626,0.7671613805011287,0.6670158844567974,0.4272466494242897,True
Naive Bayes,0.8207843137254902,0.4282271890799181,0.7581471872044809,0.7299738401714638,0.4116031598245082,False
Random Forest,0.8014901960784314,0.3108147649388812,0.7153191359043399,0.5774097857917987,0.34061176031537976,False
